Title,Company,Reward,Link

Flutter 크로스플랫폼 앱 개발자 (3년 이상),스튜디오프리윌루전,합격보상금 100만원,https://www.wanted.co.kr/wd/284464

해빗파워 어플리케이션 flutter 개발자,백프로,합격보상금 100만원,https://www.wanted.co.kr/wd/234672

Flutter 앱 개발자,테일크루(Talecrew),합격보상금 100만원,https://www.wanted.co.kr/wd/284909

모바일 엔지니어 (Flutter),엘리스,합격보상금 100만원,https://www.wanted.co.kr/wd/262121

Flutter 모바일 개발,버터플라잉,합격보상금 100만원,https://www.wanted.co.kr/wd/215084

Flutter 앱 개발자 (2년 이상),무사퇴근,합격보상금 100만원,https://www.wanted.co.kr/wd/274237

[Plus]Flutter 개발자,앤서스랩코리아,합격보상금 100만원,https://www.wanted.co.kr/wd/279508

Flutter/Node.js 풀스택 앱 개발자,시놀,합격보상금 100만원,https://www.wanted.co.kr/wd/282728

Flutter 크로스플랫폼 앱 개발자 (3년 이상),스튜디오프리윌루전,합격보상금 100만원,https://www.wanted.co.kr/wd/284464

해빗파워 어플리케이션 flutter 개발자,백프로,합격보상금 100만원,https://www.wanted.co.kr/wd/234672

Flutter 앱 개발자,테일크루(Talecrew),합격보상금 100만원,https://www.wanted.co.kr/wd/284909

모바일 엔지니어 (Flutter),엘리스,합격보상금 100만원,https://www.wanted.co.kr/wd/262121

Flutter 모바일 개발,버터플라잉,합격보상금 100만원,https://www.wanted.co.kr/wd/215084

Flutter 앱 개발자 (2년 이상),무사퇴근,합격보상금 100만원,https://www.wanted.co.kr/wd/274237

[Plus]Flutter 개발자,앤서스랩코리아,합격보상금 100만원,https://www.wanted.co.kr/wd/279508

Flutter/Node.js 풀스택 앱 개발자,시놀,합격보상금 100만원,https://www.wanted.co.kr/wd/282728

Flutter Web 개발자 (Senior / 5년 이상),동신항운,합격보상금 100만원,https://www.wanted.co.kr/wd/282789

[광고 제품팀] 백엔드 개발자 (3년 이상),버즈빌(buzzvil),합격보상금 100만원,https://www.wanted.co.kr/wd/268852

프론트엔드 개발자,플립커뮤니케이션즈,합격보상금 100만원,https://www.wanted.co.kr/wd/120477

프론트엔드개발자[FLUTTER],피앤에이치글로벌,합격보상금 100만원,https://www.wanted.co.kr/wd/283638

[Platform]Flutter App Engineer,앤서스랩코리아,합격보상금 100만원,https://www.wanted.co.kr/wd/283111

Flutter App Senior 개발자,셀러비코리아,합격보상금 100만원,https://www.wanted.co.kr/wd/273403

"개발팀장 (플러터+백엔드 개발, 5년 이상)",더블유클럽,합격보상금 100만원,https://www.wanted.co.kr/wd/191442

Sr. Frontend Mobile Engineer (Dart / Flutter),테크타카(ARGO),합격보상금 100만원,https://www.wanted.co.kr/wd/279403

Flutter App 개발자,제네시스네스트,합격보상금 100만원,https://www.wanted.co.kr/wd/232666

Flutter 개발자,한국클라우드,합격보상금 100만원,https://www.wanted.co.kr/wd/256864

앱(Flutter) 개발,어플레이즈,합격보상금 100만원,https://www.wanted.co.kr/wd/258622

Senior Developer,폴센트,합격보상금 100만원,https://www.wanted.co.kr/wd/264329

플러터(Flutter) 웹(Web) 개발자,에이치아이티,합격보상금 100만원,https://www.wanted.co.kr/wd/262569

Flutter 개발자,코보시스,합격보상금 100만원,https://www.wanted.co.kr/wd/99737

플러터 / 리액트 개발자,안전집사,합격보상금 100만원,https://www.wanted.co.kr/wd/285524

프론트엔드 개발자 (Frontend Developer/Flutter),루다메디스트림,합격보상금 100만원,https://www.wanted.co.kr/wd/285393

프론트엔드 개발 리드 (7년차 이상),페이버릿미디엄,합격보상금 100만원,https://www.wanted.co.kr/wd/260050

R&D팀 앱 개발자,엠투클라우드,합격보상금 100만원,https://www.wanted.co.kr/wd/204888

"모바일 앱 개발자 (Flutter, iOS, Android)",에임(AIM),합격보상금 100만원,https://www.wanted.co.kr/wd/269482

"안드로이드 개발자 (Flutter, Android)",그래픽,합격보상금 100만원,https://www.wanted.co.kr/wd/282762

앱 개발자 (Flutter),누비랩,합격보상금 100만원,https://www.wanted.co.kr/wd/270410

Flutter App Senior 개발자 (5년 이상),에스케이렌터카(SK렌터카),합격보상금 100만원,https://www.wanted.co.kr/wd/270459

모바일 앱 개발자 (Flutter),트리플콤마(골드스푼),합격보상금 100만원,https://www.wanted.co.kr/wd/228740

Flutter 앱 개발자 (1~2년),더스퀘어이엔엠,합격보상금 100만원,https://www.wanted.co.kr/wd/281847

Flutter 개발자,티크리미,합격보상금 100만원,https://www.wanted.co.kr/wd/283206

[재택가능] Flutter 개발자 (온라인 교육 & 프로젝트 개발),코드코호트,합격보상금 100만원,https://www.wanted.co.kr/wd/282277

Flutter 시니어 개발자,KAYPLE,합격보상금 100만원,https://www.wanted.co.kr/wd/283632

"주니어 프론트엔드 개발자(Next.js, Typescript)",컨시언스파트너스,합격보상금 100만원,https://www.wanted.co.kr/wd/263167

Flutter Web 개발자 (Mid-level / 2년 이상),동신항운,합격보상금 100만원,https://www.wanted.co.kr/wd/282786

"플러터 개발자 (Flutter, 3년 이상)",클레온,합격보상금 100만원,https://www.wanted.co.kr/wd/279125

[애드테크/마케팅/리워드앱] 앱 개발자 (프론트엔드),원셀프월드,합격보상금 100만원,https://www.wanted.co.kr/wd/278519

Jr. Frontend Mobile Engineer (Dart / Flutter),테크타카(ARGO),합격보상금 100만원,https://www.wanted.co.kr/wd/279398

Flutter 앱 개발자,투어라이브,합격보상금 100만원,https://www.wanted.co.kr/wd/275779

Front-end developer,베스펙스,합격보상금 100만원,https://www.wanted.co.kr/wd/282230

[미뇽맨션] 인형 브랜드 앱 개발자 (3년이상),에고이즘,합격보상금 100만원,https://www.wanted.co.kr/wd/273988

Flutter Web 개발자 (Junior  / 신입 1년 이하),동신항운,합격보상금 100만원,https://www.wanted.co.kr/wd/282788

모바일 앱 개발자(Flutter),부지런컴퍼니,합격보상금 100만원,https://www.wanted.co.kr/wd/260319

WEB/APP Developer,메타몬스터,합격보상금 100만원,https://www.wanted.co.kr/wd/236026

Flutter Developer,더스윙,합격보상금 100만원,https://www.wanted.co.kr/wd/280891

"프론트엔드 / 모바일 (Vue, Flutter) 엔지니어",드래프티파이,합격보상금 100만원,https://www.wanted.co.kr/wd/220132

